{
    "motor_names": [
        "shoulder_pan",
        "shoulder_lift",
        "elbow_flex",
        "wrist_flex",
        "wrist_roll",
        "gripper"
    ],
    "start_deg": [
        95.9765625,
        75.322265625,
        272.373046875,
        71.015625,
        3.603515625,
        280.1953125
    ],
    "end_deg": [
        290.830078125,
        288.544921875,
        77.958984375,
        245.7421875,
        342.509765625,
        183.427734375
    ],
    "start_pos": [
        1092,
        857,
        3099,
        808,
        41,
        3188
    ],
    "end_pos": [
        3309,
        3283,
        887,
        2796,
        3897,
        2087
    ]
}