{
    "motor_names": [
        "shoulder_pan",
        "shoulder_lift",
        "elbow_flex",
        "wrist_flex",
        "wrist_roll",
        "gripper"
    ],
    "start_deg": [
        100.37109375,
        77.34375,
        272.724609375,
        72.509765625,
        329.23828125,
        296.71875
    ],
    "end_deg": [
        291.884765625,
        269.12109375,
        99.4921875,
        243.984375,
        48.8671875,
        180.52734375
    ],
    "start_pos": [
        1142,
        880,
        3103,
        825,
        3746,
        3376
    ],
    "end_pos": [
        3321,
        3062,
        1132,
        2776,
        556,
        2054
    ]
}