{
  "mean": 1.1303349043530552e-16,
  "std": 0.9999999854563635
}