{
  "threshold": 0.2,
  "criterion": "f1",
  "train_sub": {
    "tp": 471,
    "fp": 309,
    "tn": 10797,
    "fn": 429,
    "precision": 0.603846153846153,
    "recall": 0.5233333333333328,
    "f1": 0.5607142857137876,
    "acc": 0.9385307346326835
  },
  "test": {
    "tp": 120,
    "fp": 1380,
    "tn": 11080,
    "fn": 760,
    "precision": 0.07999999999999995,
    "recall": 0.13636363636363621,
    "f1": 0.10084033613398763,
    "acc": 0.8395802098950523
  }
}