{
  "threshold": 0.08,
  "criterion": "f1",
  "train_sub": {
    "tp": 234,
    "fp": 54,
    "tn": 11700,
    "fn": 18,
    "precision": 0.8124999999999971,
    "recall": 0.9285714285714249,
    "f1": 0.8666666666661655,
    "acc": 0.9940029985007495
  },
  "test": {
    "tp": 80,
    "fp": 340,
    "tn": 12800,
    "fn": 120,
    "precision": 0.19047619047619002,
    "recall": 0.399999999999998,
    "f1": 0.2580645161285944,
    "acc": 0.9655172413793102
  },
  "sweep": [
    {
      "thr": 0.05,
      "val": {
        "tp": 28,
        "fp": 30,
        "tn": 1276,
        "fn": 0,
        "precision": 0.4827586206896468,
        "recall": 0.9999999999999644,
        "f1": 0.65116279069722,
        "acc": 0.9775112443778105
      },
      "test": {
        "tp": 120,
        "fp": 620,
        "tn": 12520,
        "fn": 80,
        "precision": 0.16216216216216195,
        "recall": 0.599999999999997,
        "f1": 0.2553191489358347,
        "acc": 0.9475262368815591
      }
    },
    {
      "thr": 0.1,
      "val": {
        "tp": 24,
        "fp": 6,
        "tn": 1300,
        "fn": 4,
        "precision": 0.7999999999999734,
        "recall": 0.8571428571428266,
        "f1": 0.8275862068960238,
        "acc": 0.9925037481259363
      },
      "test": {
        "tp": 80,
        "fp": 280,
        "tn": 12860,
        "fn": 120,
        "precision": 0.2222222222222216,
        "recall": 0.399999999999998,
        "f1": 0.28571428571382557,
        "acc": 0.970014992503748
      }
    },
    {
      "thr": 0.15,
      "val": {
        "tp": 22,
        "fp": 2,
        "tn": 1304,
        "fn": 6,
        "precision": 0.9166666666666285,
        "recall": 0.7857142857142577,
        "f1": 0.8461538461533166,
        "acc": 0.9940029985007489
      },
      "test": {
        "tp": 80,
        "fp": 240,
        "tn": 12900,
        "fn": 120,
        "precision": 0.2499999999999992,
        "recall": 0.399999999999998,
        "f1": 0.30769230769183314,
        "acc": 0.9730134932533732
      }
    },
    {
      "thr": 0.2,
      "val": {
        "tp": 20,
        "fp": 2,
        "tn": 1304,
        "fn": 8,
        "precision": 0.9090909090908679,
        "recall": 0.7142857142856888,
        "f1": 0.7999999999994752,
        "acc": 0.9925037481259363
      },
      "test": {
        "tp": 80,
        "fp": 240,
        "tn": 12900,
        "fn": 120,
        "precision": 0.2499999999999992,
        "recall": 0.399999999999998,
        "f1": 0.30769230769183314,
        "acc": 0.9730134932533732
      }
    },
    {
      "thr": 0.25,
      "val": {
        "tp": 20,
        "fp": 2,
        "tn": 1304,
        "fn": 8,
        "precision": 0.9090909090908679,
        "recall": 0.7142857142856888,
        "f1": 0.7999999999994752,
        "acc": 0.9925037481259363
      },
      "test": {
        "tp": 80,
        "fp": 220,
        "tn": 12920,
        "fn": 120,
        "precision": 0.2666666666666658,
        "recall": 0.399999999999998,
        "f1": 0.3199999999995187,
        "acc": 0.9745127436281857
      }
    },
    {
      "thr": 0.3,
      "val": {
        "tp": 18,
        "fp": 2,
        "tn": 1304,
        "fn": 10,
        "precision": 0.8999999999999551,
        "recall": 0.6428571428571199,
        "f1": 0.7499999999994825,
        "acc": 0.9910044977511238
      },
      "test": {
        "tp": 60,
        "fp": 200,
        "tn": 12940,
        "fn": 140,
        "precision": 0.23076923076922987,
        "recall": 0.2999999999999985,
        "f1": 0.2608695652168987,
        "acc": 0.9745127436281857
      }
    },
    {
      "thr": 0.35,
      "val": {
        "tp": 16,
        "fp": 0,
        "tn": 1306,
        "fn": 12,
        "precision": 0.9999999999999376,
        "recall": 0.5714285714285511,
        "f1": 0.7272727272722315,
        "acc": 0.9910044977511238
      },
      "test": {
        "tp": 60,
        "fp": 200,
        "tn": 12940,
        "fn": 140,
        "precision": 0.23076923076922987,
        "recall": 0.2999999999999985,
        "f1": 0.2608695652168987,
        "acc": 0.9745127436281857
      }
    },
    {
      "thr": 0.4,
      "val": {
        "tp": 16,
        "fp": 0,
        "tn": 1306,
        "fn": 12,
        "precision": 0.9999999999999376,
        "recall": 0.5714285714285511,
        "f1": 0.7272727272722315,
        "acc": 0.9910044977511238
      },
      "test": {
        "tp": 60,
        "fp": 200,
        "tn": 12940,
        "fn": 140,
        "precision": 0.23076923076922987,
        "recall": 0.2999999999999985,
        "f1": 0.2608695652168987,
        "acc": 0.9745127436281857
      }
    },
    {
      "thr": 0.45,
      "val": {
        "tp": 16,
        "fp": 0,
        "tn": 1306,
        "fn": 12,
        "precision": 0.9999999999999376,
        "recall": 0.5714285714285511,
        "f1": 0.7272727272722315,
        "acc": 0.9910044977511238
      },
      "test": {
        "tp": 60,
        "fp": 200,
        "tn": 12940,
        "fn": 140,
        "precision": 0.23076923076922987,
        "recall": 0.2999999999999985,
        "f1": 0.2608695652168987,
        "acc": 0.9745127436281857
      }
    },
    {
      "thr": 0.5,
      "val": {
        "tp": 16,
        "fp": 0,
        "tn": 1306,
        "fn": 12,
        "precision": 0.9999999999999376,
        "recall": 0.5714285714285511,
        "f1": 0.7272727272722315,
        "acc": 0.9910044977511238
      },
      "test": {
        "tp": 60,
        "fp": 200,
        "tn": 12940,
        "fn": 140,
        "precision": 0.23076923076922987,
        "recall": 0.2999999999999985,
        "f1": 0.2608695652168987,
        "acc": 0.9745127436281857
      }
    },
    {
      "thr": 0.55,
      "val": {
        "tp": 16,
        "fp": 0,
        "tn": 1306,
        "fn": 12,
        "precision": 0.9999999999999376,
        "recall": 0.5714285714285511,
        "f1": 0.7272727272722315,
        "acc": 0.9910044977511238
      },
      "test": {
        "tp": 60,
        "fp": 200,
        "tn": 12940,
        "fn": 140,
        "precision": 0.23076923076922987,
        "recall": 0.2999999999999985,
        "f1": 0.2608695652168987,
        "acc": 0.9745127436281857
      }
    },
    {
      "thr": 0.6,
      "val": {
        "tp": 14,
        "fp": 0,
        "tn": 1306,
        "fn": 14,
        "precision": 0.9999999999999286,
        "recall": 0.4999999999999822,
        "f1": 0.6666666666661905,
        "acc": 0.9895052473763112
      },
      "test": {
        "tp": 60,
        "fp": 180,
        "tn": 12960,
        "fn": 140,
        "precision": 0.24999999999999897,
        "recall": 0.2999999999999985,
        "f1": 0.2727272727267756,
        "acc": 0.9760119940029983
      }
    },
    {
      "thr": 0.65,
      "val": {
        "tp": 14,
        "fp": 0,
        "tn": 1306,
        "fn": 14,
        "precision": 0.9999999999999286,
        "recall": 0.4999999999999822,
        "f1": 0.6666666666661905,
        "acc": 0.9895052473763112
      },
      "test": {
        "tp": 60,
        "fp": 180,
        "tn": 12960,
        "fn": 140,
        "precision": 0.24999999999999897,
        "recall": 0.2999999999999985,
        "f1": 0.2727272727267756,
        "acc": 0.9760119940029983
      }
    },
    {
      "thr": 0.7,
      "val": {
        "tp": 14,
        "fp": 0,
        "tn": 1306,
        "fn": 14,
        "precision": 0.9999999999999286,
        "recall": 0.4999999999999822,
        "f1": 0.6666666666661905,
        "acc": 0.9895052473763112
      },
      "test": {
        "tp": 60,
        "fp": 180,
        "tn": 12960,
        "fn": 140,
        "precision": 0.24999999999999897,
        "recall": 0.2999999999999985,
        "f1": 0.2727272727267756,
        "acc": 0.9760119940029983
      }
    },
    {
      "thr": 0.75,
      "val": {
        "tp": 14,
        "fp": 0,
        "tn": 1306,
        "fn": 14,
        "precision": 0.9999999999999286,
        "recall": 0.4999999999999822,