{
  "threshold": 0.37,
  "criterion": "f1",
  "train_sub": {
    "tp": 486,
    "fp": 90,
    "tn": 11016,
    "fn": 414,
    "precision": 0.8437499999999986,
    "recall": 0.5399999999999994,
    "f1": 0.6585365853653768,
    "acc": 0.9580209895052473
  },
  "test": {
    "tp": 60,
    "fp": 320,
    "tn": 12140,
    "fn": 820,
    "precision": 0.15789473684210484,
    "recall": 0.06818181818181811,
    "f1": 0.09523809523767382,
    "acc": 0.9145427286356821
  },
  "sweep": [
    {
      "thr": 0.05,
      "val": {
        "tp": 88,
        "fp": 228,
        "tn": 1006,
        "fn": 12,
        "precision": 0.27848101265822695,
        "recall": 0.8799999999999912,
        "f1": 0.4230769230765558,
        "acc": 0.8200899550224882
      },
      "test": {
        "tp": 280,
        "fp": 2060,
        "tn": 10400,
        "fn": 600,
        "precision": 0.11965811965811961,
        "recall": 0.3181818181818178,
        "f1": 0.17391304347786354,
        "acc": 0.8005997001499249
      }
    },
    {
      "thr": 0.1,
      "val": {
        "tp": 84,
        "fp": 130,
        "tn": 1104,
        "fn": 16,
        "precision": 0.39252336448597946,
        "recall": 0.8399999999999916,
        "f1": 0.5350318471333204,
        "acc": 0.8905547226386801
      },
      "test": {
        "tp": 180,
        "fp": 1340,
        "tn": 11120,
        "fn": 700,
        "precision": 0.11842105263157887,
        "recall": 0.2045454545454543,
        "f1": 0.14999999999953545,
        "acc": 0.8470764617691153
      }
    },
    {
      "thr": 0.15,
      "val": {
        "tp": 78,
        "fp": 94,
        "tn": 1140,
        "fn": 22,
        "precision": 0.4534883720930206,
        "recall": 0.7799999999999923,
        "f1": 0.5735294117642368,
        "acc": 0.913043478260869
      },
      "test": {
        "tp": 160,
        "fp": 880,
        "tn": 11580,
        "fn": 720,
        "precision": 0.15384615384615372,
        "recall": 0.1818181818181816,
        "f1": 0.16666666666617,
        "acc": 0.8800599700149924
      }
    },
    {
      "thr": 0.2,
      "val": {
        "tp": 74,
        "fp": 70,
        "tn": 1164,
        "fn": 26,
        "precision": 0.5138888888888853,
        "recall": 0.7399999999999927,
        "f1": 0.6065573770486915,
        "acc": 0.9280359820089948
      },
      "test": {
        "tp": 100,
        "fp": 640,
        "tn": 11820,
        "fn": 780,
        "precision": 0.13513513513513495,
        "recall": 0.11363636363636351,
        "f1": 0.12345679012296037,
        "acc": 0.8935532233883057
      }
    },
    {
      "thr": 0.25,
      "val": {
        "tp": 62,
        "fp": 46,
        "tn": 1188,
        "fn": 38,
        "precision": 0.5740740740740687,
        "recall": 0.6199999999999938,
        "f1": 0.5961538461533411,
        "acc": 0.9370314842578704
      },
      "test": {
        "tp": 80,
        "fp": 480,
        "tn": 11980,
        "fn": 800,
        "precision": 0.1428571428571426,
        "recall": 0.0909090909090908,
        "f1": 0.11111111111063564,
        "acc": 0.9040479760119938
      }
    },
    {
      "thr": 0.3,
      "val": {
        "tp": 60,
        "fp": 26,
        "tn": 1208,
        "fn": 40,
        "precision": 0.6976744186046431,
        "recall": 0.599999999999994,
        "f1": 0.6451612903220766,
        "acc": 0.9505247376311837
      },
      "test": {
        "tp": 80,
        "fp": 400,
        "tn": 12060,
        "fn": 800,
        "precision": 0.16666666666666632,
        "recall": 0.0909090909090908,
        "f1": 0.1176470588230725,
        "acc": 0.9100449775112442
      }
    },
    {
      "thr": 0.35,
      "val": {
        "tp": 54,
        "fp": 12,
        "tn": 1222,
        "fn": 46,
        "precision": 0.8181818181818058,
        "recall": 0.5399999999999946,
        "f1": 0.6506024096380674,
        "acc": 0.9565217391304341
      },
      "test": {
        "tp": 60,
        "fp": 320,
        "tn": 12140,
        "fn": 820,
        "precision": 0.15789473684210484,
        "recall": 0.06818181818181811,
        "f1": 0.09523809523767382,
        "acc": 0.9145427286356821
      }
    },
    {
      "thr": 0.4,
      "val": {
        "tp": 48,
        "fp": 6,
        "tn": 1228,
        "fn": 52,
        "precision": 0.8888888888888724,
        "recall": 0.4799999999999952,
        "f1": 0.6233766233761598,
        "acc": 0.9565217391304341
      },
      "test": {
        "tp": 60,
        "fp": 280,
        "tn": 12180,
        "fn": 820,
        "precision": 0.17647058823529357,
        "recall": 0.06818181818181811,
        "f1": 0.09836065573730271,
        "acc": 0.9175412293853072
      }
    },
    {
      "thr": 0.45,
      "val": {
        "tp": 46,
        "fp": 2,
        "tn": 1232,
        "fn": 54,
        "precision": 0.9583333333333134,
        "recall": 0.4599999999999954,
        "f1": 0.621621621621175,
        "acc": 0.9580209895052467
      },
      "test": {
        "tp": 40,
        "fp": 220,
        "tn": 12240,
        "fn": 840,
        "precision": 0.15384615384615324,
        "recall": 0.0454545454545454,
        "f1": 0.07017543859613899,
        "acc": 0.9205397301349324
      }
    },
    {
      "thr": 0.5,
      "val": {
        "tp": 40,
        "fp": 2,
        "tn": 1232,
        "fn": 60,
        "precision": 0.9523809523809297,
        "recall": 0.399999999999996,
        "f1": 0.5633802816897163,
        "acc": 0.953523238380809
      },
      "test": {
        "tp": 20,
        "fp": 180,
        "tn": 12280,
        "fn": 860,
        "precision": 0.0999999999999995,
        "recall": 0.0227272727272727,
        "f1": 0.03703703703673518,
        "acc": 0.922038980509745
      }
    },
    {
      "thr": 0.55,
      "val": {
        "tp": 32,
        "fp": 0,
        "tn": 1234,
        "fn": 68,
        "precision": 0.9999999999999687,
        "recall": 0.31999999999999684,
        "f1": 0.4848484848481102,
        "acc": 0.9490254872563711
      },
      "test": {
        "tp": 0,
        "fp": 180,
        "tn": 12280,
        "fn": 880,
        "precision": 0.0,
        "recall": 0.0,
        "f1": 0.0,
        "acc": 0.9205397301349324
      }
    },
    {
      "thr": 0.6,
      "val": {
        "tp": 30,
        "fp": 0,
        "tn": 1234,
        "fn": 70,
        "precision": 0.9999999999999667,
        "recall": 0.299999999999997,
        "f1": 0.4615384615380994,
        "acc": 0.9475262368815586
      },
      "test": {
        "tp": 0,
        "fp": 160,
        "tn": 12300,
        "fn": 880,
        "precision": 0.0,
        "recall": 0.0,
        "f1": 0.0,
        "acc": 0.922038980509745
      }
    },
    {
      "thr": 0.65,
      "val": {
        "tp": 24,
        "fp": 0,
        "tn": 1234,
        "fn": 76,
        "precision": 0.9999999999999584,
        "recall": 0.2399999999999976,
        "f1": 0.3870967741932299,
        "acc": 0.9430284857571208
      },
      "test": {
        "tp": 0,
        "fp": 140,
        "tn": 12320,
        "fn": 880,
        "precision": 0.0,
        "recall": 0.0,
        "f1": 0.0,
        "acc": 0.9235382308845576
      }
    },
    {
      "thr": 0.7,
      "val": {
        "tp": 22,
        "fp": 0,
        "tn": 1234,
        "fn": 78,
        "precision": 0.9999999999999546,
        "recall": 0.2199999999999978,
        "f1": 0.36065573770461645,
        "acc": 0.9415292353823081
      },
      "test": {
        "tp": 0,
        "fp": 120,
        "tn": 12340,
        "fn": 880,
        "precision": 0.0,
        "recall": 0.0,
        "f1": 0.0,
        "acc": 0.9250374812593702
      }
    },
    {
      "thr": 0.75,
      "val": {
        "tp": 20,
        "fp": 0,
        "tn": 1234,
        "fn": 80,
        "precision": 0.99999999999995,
        "recall": 0.199999999999998,
        "f1": 0.33333333333305,
        "acc": 0.9400299850074956
      },
      "test": {
        "tp": 0,
        "fp": 120,
        "tn": 12340,